cluster,keyword,monthly_volume,seo_difficulty,cpc_usd,note
実家じまい,実家じまい,6600,22,3.89,柱KW
実家じまい,実家じまい費用,1000,29,2.39,
実家じまい,実家じまいとは,1000,28,1.64,
実家じまい,実家じまい補助金,590,38,3.89,
実家じまい,実家じまい手順,480,26,2.52,
実家じまい,実家じまいやってはいけない失敗,480,35,3.06,
実家じまい,実家じまいお金がない,390,28,3.85,
実家じまい,実家じまいブログ,320,34,0,
実家の片付け,実家の片付け,1900,26,3.16,表記ゆれ3種あり(実家を片付ける/実家片付け等)
実家の片付け,実家片付け,1000,35,2.93,
実家の片付け,実家の片付け業者,720,27,4.29,
実家の片付け,実家片付けうんざり,590,28,2.75,
実家の片付け,実家の片付け費用,480,39,2.63,
実家の片付け,実家の片付け売れるもの,320,34,3.75,
実家の相続,実家 相続,1900,28,1.67,
実家の相続,やってはいけない実家の相続,1000,36,1.22,
実家の相続,実家 相続税,720,39,0.99,
実家の相続,実家 相続 税金,720,28,0.99,
実家の売却,実家 売却,880,37,12.1,広告単価が非常に高い
実家の売却,相続した不動産売却税金,880,30,0.55,
実家の売却,田舎 実家 売れない,210,24,3.29,
空き家,空き家の固定資産税,2900,30,0.94,
空き家,空き家売却,1900,21,13.34,広告単価が非常に高い
空き家,空き家管理サービス,1900,21,1.99,
空き家,空き家解体補助金,1600,19,2.04,
空き家,空き家の解体費用,1300,34,1.5,
空き家,空き家管理,1300,27,2.17,
空き家,管理不全空き家,720,42,2,
空き家,空き家 相続,720,24,2.76,
空き家,空き家 相続放棄,590,27,1.42,
空き家,空き家売却税金,390,24,1.72,
相続登記,相続登記,22200,45,1.98,大きいが競合も強い
相続登記,相続登記必要書類,12100,33,0.82,
相続登記,相続登記義務化,8100,27,0.58,
相続登記,相続登記の費用,4400,29,1.51,
相続登記,相続登記とは,2900,37,0.76,
相続登記,相続登記自分で,1600,37,1.64,
相続登記,相続登記の期限,1600,32,0.78,
相続土地国庫帰属制度,相続土地国庫帰属制度,8100,38,1.09,柱KW
相続土地国庫帰属制度,相続土地国庫帰属制度とは,1300,37,0.58,
相続土地国庫帰属制度,相続土地国庫帰属制度 使えない,720,31,1.5,
相続土地国庫帰属制度,相続土地国庫帰属制度山林,590,29,0.8,山林の分岐
相続土地国庫帰属制度,相続土地国庫帰属制度費用,590,34,0.89,
相続土地国庫帰属制度,相続土地国庫帰属制度 10年後,590,32,1.47,
相続土地国庫帰属制度,相続土地国庫帰属制度農地,390,19,1.18,農地の分岐
山林,山林相続,390,34,1.63,競合メディアほぼなし
山林,山林売却,390,14,2.44,競合メディアほぼなし
山林,山林相続放棄,260,27,0.84,
山林,相続放棄 山林,210,26,0.97,
山林,山林相続税,140,30,1.04,
山林,山林処分,110,28,2.46,
農地,農地相続,1300,31,1.24,
農地,農地の相続税,590,35,0.64,
宅地,小規模宅地の特例 相続税,880,33,0.8,
